Homo sapiens:1-136 2A,-,-,-,-,-,-,-,-,-,-,-,-,-,-,-,-,-,M,A,R,T,K,Q,T,A,R,K,A,T,A,W,Q,A,P,R,K,P,L,A,T,K,A,A,G,K,R,A,P,P,T,-,-,-,G,G,I,K,K,P,H,R,Y,K,P,G,T,L,A,L,R,E,I,R,K,Y,Q,K,S,T,Q,L,L,L,R,K,L,P,F,Q,R,L,V,R,E,I,A,Q,A,I,S,P,D,L,R,F,Q,S,A,A,I,G,A,L,-,Q,E,A,S,E,A,Y,L,V,Q,L,F,E,D,T,N,L,C,A,I,H,A,R,R,V,T,I,M,P,R,D,M,Q,L,-,A,R,R,L,R,R,E,G,P,-,-,-,-,-,-,-,-,-,-,-,-,-,-,-,-,-,-,-,-,-,-,-,-,-,-,-,-
Ailuropoda melanoleuca-9646:001d44 2A,-,-,-,-,-,-,-,-,-,-,-,-,-,G,V,S,R,M,A,R,T,K,Q,T,A,R,K,S,T,G,G,K,A,P,R,K,Q,L,A,T,K,A,A,R,K,S,A,P,S,T,-,-,-,G,G,V,K,K,P,H,R,Y,R,P,G,T,V,A,L,R,E,I,R,R,Y,Q,K,S,T,E,L,L,I,R,K,L,P,F,Q,R,L,V,R,E,I,A,Q,D,F,K,T,D,L,R,F,Q,S,A,A,I,G,A,L,-,Q,E,A,S,E,A,Y,L,V,G,L,F,E,D,T,N,L,C,A,I,H,A,K,R,V,T,I,M,P,K,D,I,Q,L,-,A,R,R,I,R,G,E,R,A,-,-,-,-,-,-,-,-,-,-,-,-,-,-,-,-,-,-,-,-,-,-,-,-,-,-,-,-
Alligator mississippiensis-8496:00168d,-,-,-,-,-,-,-,-,-,-,-,-,-,-,-,-,-,M,A,R,T,K,Q,T,A,R,K,S,T,G,G,K,A,P,R,K,Q,L,A,T,K,A,A,R,K,S,A,P,A,T,-,-,-,G,G,V,K,K,P,H,R,Y,R,P,G,T,V,A,L,R,E,I,R,R,Y,Q,K,S,T,E,L,L,I,R,K,L,P,F,Q,R,L,V,R,E,I,A,Q,D,F,K,T,D,L,R,F,Q,S,S,A,V,M,A,L,-,Q,E,A,S,E,A,Y,L,V,G,L,F,E,D,T,N,L,C,A,I,H,A,K,R,V,T,I,M,P,K,D,I,Q,L,-,A,R,R,I,R,G,E,R,A,-,-,-,-,-,-,-,-,-,-,-,-,-,-,-,-,-,-,-,-,-,-,-,-,-,-,-,-
Anas platyrhynchos-8839:001679,-,-,-,-,-,-,-,-,-,-,-,-,-,-,-,-,-,M,A,R,T,K,Q,T,A,R,K,S,T,G,G,K,A,P,R,K,Q,L,A,T,K,A,A,R,K,S,A,P,S,T,-,-,-,G,G,V,K,K,P,H,R,Y,R,P,G,T,V,A,L,R,E,I,R,R,Y,Q,K,S,T,E,L,L,I,R,K,L,P,F,Q,R,L,V,R,E,I,A,Q,D,F,K,T,D,L,R,F,Q,S,A,A,I,G,A,L,-,Q,E,A,S,E,A,Y,L,V,G,L,F,E,D,T,N,L,C,A,I,H,A,K,R,V,T,I,M,P,K,D,I,Q,L,-,A,R,R,I,R,G,E,R,A,-,-,-,-,-,-,-,-,-,-,-,-,-,-,-,-,-,-,-,-,-,-,-,-,-,-,-,-
Anolis carolinensis-28377:000606 2A,-,-,-,-,-,-,-,-,-,-,-,-,-,-,-,-,-,M,A,R,T,K,Q,T,A,R,K,S,T,G,G,K,A,P,R,K,Q,L,A,T,K,A,A,R,K,S,A,P,S,T,-,-,-,G,G,V,K,K,P,H,R,Y,R,P,G,T,V,A,L,R,E,I,R,R,Y,Q,K,S,T,E,L,L,I,R,K,L,P,F,Q,R,L,V,R,E,I,A,Q,D,F,K,T,D,L,R,F,Q,S,A,A,I,G,A,L,-,Q,E,A,S,E,A,Y,L,V,G,L,F,E,D,T,N,L,C,A,I,H,A,K,R,V,T,I,M,P,K,D,I,Q,L,-,A,R,R,I,R,G,E,R,A,-,-,-,-,-,-,-,-,-,-,-,-,-,-,-,-,-,-,-,-,-,-,-,-,-,-,-,-
Aotus nancymaae-37293:0020f2,-,-,-,-,-,-,-,-,-,-,-,-,-,-,-,-,-,M,A,R,T,K,Q,T,A,R,K,S,T,G,G,K,A,P,R,K,Q,L,A,T,K,A,A,R,K,S,A,P,A,T,-,-,-,G,G,V,K,K,P,H,R,Y,R,P,G,T,V,A,L,R,E,I,R,R,Y,Q,K,S,T,E,L,L,I,R,K,L,P,F,Q,R,L,V,R,E,I,A,Q,D,F,K,T,D,L,R,F,Q,S,S,A,V,M,A,L,-,Q,E,A,C,E,A,Y,L,V,G,L,F,E,D,T,N,L,C,A,I,H,A,K,R,V,T,I,M,P,K,D,I,Q,L,-,A,R,R,I,R,G,E,R,A,-,-,-,-,-,-,-,-,-,-,-,-,-,-,-,-,-,-,-,-,-,-,-,-,-,-,-,-
Aptenodytes forsteri-9233:0003f7,-,-,-,-,-,-,-,-,-,-,-,-,-,-,-,-,-,M,A,R,T,K,Q,T,A,R,K,S,T,G,G,K,A,P,R,K,Q,L,A,T,K,A,A,R,K,S,A,P,A,T,-,-,-,G,G,V,K,K,P,H,R,Y,R,P,G,T,V,A,L,R,E,I,R,R,Y,Q,K,S,T,E,L,L,I,R,K,L,P,F,Q,R,L,V,R,E,I,A,Q,D,F,K,T,D,L,R,F,Q,S,S,A,V,M,A,L,-,Q,E,A,S,E,A,Y,L,V,G,L,F,E,D,T,N,L,C,A,I,H,A,K,R,V,T,I,M,P,K,D,I,Q,L,-,A,R,R,I,R,G,E,R,A,-,-,-,-,-,-,-,-,-,-,-,-,-,-,-,-,-,-,-,-,-,-,-,-,-,-,-,-
Aquila chrysaetos-8962:002c03,-,-,-,-,-,-,-,-,-,-,-,-,-,-,-,-,-,M,A,R,T,K,Q,T,A,R,K,S,T,G,G,K,A,P,R,K,Q,L,A,T,K,A,A,R,K,S,A,P,A,T,-,-,-,G,G,V,K,K,P,H,R,Y,R,P,G,T,V,A,L,R,E,I,R,R,Y,Q,K,S,T,E,L,L,I,R,K,L,P,F,Q,R,L,V,R,E,I,A,Q,D,F,K,T,D,L,R,F,Q,S,S,A,V,M,A,L,-,Q,E,A,S,E,A,Y,L,V,G,L,F,E,D,T,N,L,C,A,I,H,A,K,R,V,T,I,M,P,K,D,I,Q,L,-,A,R,R,I,R,G,E,R,A,-,-,-,-,-,-,-,-,-,-,-,-,-,-,-,-,-,-,-,-,-,-,-,-,-,-,-,-
Astyanax mexicanus-7994:002f5c,-,-,-,-,-,-,-,-,-,-,-,-,-,-,-,-,-,M,A,R,T,K,Q,T,A,R,K,S,T,G,G,K,A,P,R,K,Q,L,A,T,K,A,A,R,K,S,A,P,S,T,-,-,-,G,G,V,K,K,P,H,R,Y,R,P,G,T,V,A,L,R,E,I,R,R,Y,Q,K,S,T,E,L,L,I,R,K,L,P,F,Q,R,L,V,R,E,I,A,Q,D,F,K,T,D,L,R,F,Q,S,A,A,I,G,A,L,-,Q,E,A,S,E,A,Y,L,V,G,L,F,E,D,T,N,L,C,A,I,H,A,K,R,V,T,I,M,P,K,D,I,Q,L,-,A,R,R,I,R,G,E,R,A,-,-,-,-,-,-,-,-,-,-,-,-,-,-,-,-,-,-,-,-,-,-,-,-,-,-,-,-
Balaenoptera acutorostrata-9767:0027e4,-,-,-,-,-,-,-,-,-,-,-,-,-,-,-,-,-,M,A,R,T,K,Q,T,A,R,K,S,T,G,G,K,A,P,R,K,Q,L,A,T,K,A,A,R,K,S,A,P,A,T,-,-,-,G,G,V,K,K,P,H,R,Y,R,P,G,T,V,A,L,R,E,I,R,R,Y,Q,K,S,T,E,L,L,I,R,K,L,P,F,Q,R,L,V,R,E,I,A,Q,D,F,K,T,D,L,R,F,Q,S,S,A,V,M,A,L,-,Q,E,A,C,E,A,Y,L,V,G,L,F,E,D,T,N,L,C,A,I,H,A,K,R,V,T,I,M,P,K,D,I,Q,L,-,A,R,R,I,R,G,E,R,A,-,-,-,-,-,-,-,-,-,-,-,-,-,-,-,-,-,-,-,-,-,-,-,-,-,-,-,-
Bison bison-9901:002190,-,-,-,-,-,-,-,-,-,-,-,-,-,-,-,-,-,M,A,R,T,K,Q,T,A,R,K,S,T,G,G,K,A,P,R,K,Q,L,V,T,K,A,A,R,K,S,A,P,S,T,-,-,-,G,G,M,K,K,P,H,R,Y,R,P,G,T,V,A,L,R,E,I,R,R,H,Q,K,S,T,E,L,L,I,R,K,L,P,F,Q,R,L,V,R,E,I,A,Q,D,F,K,T,D,L,R,F,Q,S,A,A,I,G,A,L,-,Q,E,A,S,E,A,Y,L,V,G,L,F,E,D,T,N,L,C,A,I,H,A,K,R,V,T,V,M,P,R,D,I,Q,L,-,A,R,R,I,R,G,E,R,A,-,-,-,-,-,-,-,-,-,-,-,-,-,-,-,-,-,-,-,-,-,-,-,-,-,-,-,-
Bos taurus-9913:00306a,-,-,-,-,-,-,-,-,-,-,-,-,-,-,-,-,-,M,A,R,T,K,Q,T,A,R,K,S,T,G,G,K,A,P,R,K,Q,L,A,T,K,A,A,R,K,S,A,P,A,T,-,-,-,G,G,V,K,K,P,H,R,Y,R,P,G,T,V,A,L,R,E,I,R,R,Y,Q,K,S,T,E,L,L,I,R,K,L,P,F,Q,R,L,V,R,E,I,A,Q,D,F,K,T,D,L,R,F,Q,S,S,A,V,M,A,L,-,Q,E,A,C,E,A,Y,L,V,G,L,F,E,D,T,N,L,C,A,I,H,A,K,R,V,T,I,M,P,K,D,I,Q,L,-,A,R,R,I,R,G,E,R,A,-,-,-,-,-,-,-,-,-,-,-,-,-,-,-,-,-,-,-,-,-,-,-,-,-,-,-,-
Bubalus bubalis-89462:004e3c,-,-,-,-,-,-,-,-,-,-,-,-,-,-,-,-,-,M,A,R,T,K,Q,T,A,R,K,S,T,G,G,K,G,P,R,K,Q,L,V,T,K,A,A,R,K,S,A,P,S,T,-,-,-,G,G,M,K,K,P,H,R,Y,R,P,G,T,V,A,L,R,E,I,R,R,H,Q,K,S,T,E,L,L,I,R,K,L,P,F,Q,R,L,V,R,E,I,A,Q,D,F,K,T,D,L,R,F,Q,S,A,A,I,G,A,L,-,Q,E,A,S,E,A,Y,L,V,G,L,F,E,D,T,N,L,C,A,I,H,A,K,R,V,T,V,M,P,R,D,I,Q,L,-,A,R,R,I,R,G,E,R,A,-,-,-,-,-,-,-,-,-,-,-,-,-,-,-,-,-,-,-,-,-,-,-,-,-,-,-,-
Camelus bactrianus-9837:0026d5,-,-,-,-,-,-,-,-,-,-,-,-,-,-,-,-,-,M,A,R,T,K,Q,T,A,R,K,S,T,G,G,K,A,P,R,K,Q,L,A,T,K,A,A,R,K,S,A,P,A,T,-,-,-,G,G,V,K,K,P,H,R,Y,R,P,G,T,V,A,L,R,E,I,R,R,Y,Q,K,S,T,E,L,L,I,R,K,L,P,F,Q,R,L,V,R,E,I,A,Q,D,F,K,T,D,L,R,F,Q,S,S,A,V,M,A,L,-,Q,E,A,C,E,A,Y,L,V,G,L,F,E,D,T,N,L,C,A,I,H,A,K,R,V,T,I,M,P,K,D,I,Q,L,-,A,R,R,I,R,G,E,R,A,-,-,-,-,-,-,-,-,-,-,-,-,-,-,-,-,-,-,-,-,-,-,-,-,-,-,-,-
Camelus dromedarius-9838:003074,-,-,-,-,-,-,-,-,-,-,-,-,-,-,-,-,-,M,A,R,T,K,Q,T,A,R,K,S,T,G,G,K,A,P,R,K,Q,L,A,T,K,A,A,R,K,S,A,P,A,T,-,-,-,G,G,V,K,K,P,H,R,Y,R,P,G,T,V,A,L,R,E,I,R,R,Y,Q,K,S,T,E,L,L,I,R,K,L,P,F,Q,R,L,V,R,E,I,A,Q,D,F,K,T,D,L,R,F,Q,S,S,A,V,M,A,L,-,Q,E,A,S,E,A,Y,L,V,G,L,F,E,D,T,N,L,C,A,I,H,A,K,R,V,T,I,M,P,K,D,I,Q,L,-,A,R,R,I,R,G,E,R,A,-,-,-,-,-,-,-,-,-,-,-,-,-,-,-,-,-,-,-,-,-,-,-,-,-,-,-,-
Canis lupus familiaris-9615:002e8a,-,-,-,-,-,-,-,-,-,-,-,-,-,-,-,-,-,M,A,R,T,K,Q,T,A,R,K,S,T,G,G,K,A,P,R,K,Q,L,A,T,K,A,A,R,K,S,A,P,A,T,-,-,-,G,G,V,K,K,P,H,R,Y,R,P,G,T,V,A,L,R,E,I,R,R,Y,Q,K,S,T,E,L,L,I,R,K,L,P,F,Q,R,L,V,R,E,I,A,Q,D,F,K,T,D,L,R,F,Q,S,S,A,V,M,A,L,-,Q,E,A,C,E,A,Y,L,V,G,L,F,E,D,T,N,L,C,A,I,H,A,K,R,V,T,I,M,P,K,D,I,Q,L,-,A,R,R,I,R,G,E,R,A,-,-,-,-,-,-,-,-,-,-,-,-,-,-,-,-,-,-,-,-,-,-,-,-,-,-,-,-
Capra hircus-9925:0042ba,-,-,-,-,-,-,-,-,-,-,-,-,-,-,-,-,-,M,A,R,T,K,Q,T,A,R,K,S,T,G,G,K,A,P,R,K,Q,L,A,T,K,A,A,R,K,S,A,P,A,T,-,-,-,G,G,V,K,K,P,H,R,Y,R,P,G,T,V,A,L,R,E,I,R,R,Y,Q,K,S,T,E,L,L,I,R,K,L,P,F,Q,R,L,V,R,E,I,A,Q,D,F,K,T,D,L,R,F,Q,S,S,A,V,M,A,L,-,Q,E,A,C,E,A,Y,L,V,G,L,F,E,D,T,N,L,C,A,I,H,A,K,R,V,T,I,M,P,K,D,I,Q,L,-,A,R,R,I,R,G,E,R,A,-,-,-,-,-,-,-,-,-,-,-,-,-,-,-,-,-,-,-,-,-,-,-,-,-,-,-,-
Cavia porcellus-10141:00163,-,-,-,-,-,-,-,-,-,-,-,-,-,-,-,-,-,M,A,R,T,K,Q,T,A,R,K,S,T,G,G,K,A,P,R,K,Q,L,A,T,K,A,A,R,K,S,A,P,S,T,-,-,-,G,G,V,K,K,P,H,R,Y,R,P,G,T,V,A,L,R,E,I,R,R,Y,Q,K,S,T,E,L,L,I,R,K,L,P,F,Q,R,L,V,R,E,I,A,Q,D,F,K,T,D,L,R,F,Q,S,A,A,I,G,A,L,-,Q,E,A,S,E,A,Y,L,V,G,L,F,E,D,T,N,L,C,A,I,H,A,K,R,V,T,I,M,P,K,D,I,Q,L,-,A,R,R,I,R,G,E,R,A,-,-,-,-,-,-,-,-,-,-,-,-,-,-,-,-,-,-,-,-,-,-,-,-,-,-,-,-
Cercocebus atys-9531:001586,-,-,-,-,-,-,-,-,-,-,-,-,-,-,-,-,-,M,A,R,T,K,Q,T,A,R,K,S,T,G,G,K,A,P,R,K,Q,L,A,T,K,A,A,R,K,S,A,P,S,T,-,-,-,G,G,V,K,K,P,H,R,Y,R,P,G,T,V,A,L,R,E,I,R,R,Y,Q,K,S,T,E,L,L,I,R,K,L,P,F,Q,R,L,V,R,E,I,A,Q,D,F,K,T,D,L,R,F,Q,S,A,A,I,G,A,L,-,Q,E,A,S,E,A,Y,L,V,G,L,F,E,D,T,N,L,C,A,I,H,A,K,R,V,T,I,M,P,K,D,I,Q,L,-,A,R,R,I,R,G,E,R,A,-,-,-,-,-,-,-,-,-,-,-,-,-,-,-,-,-,-,-,-,-,-,-,-,-,-,-,-
Chelonia mydas-8469:0027c6 2A,-,-,-,-,-,-,-,-,-,-,-,-,-,-,-,-,-,M,A,R,T,K,Q,T,A,R,K,S,T,G,G,K,A,P,R,K,Q,L,A,T,K,A,A,R,K,S,A,P,A,T,-,-,-,G,G,V,K,K,P,H,R,Y,R,P,G,T,V,A,L,R,E,I,R,R,Y,Q,K,S,T,E,L,L,I,R,K,L,P,F,Q,R,L,V,R,E,I,A,Q,D,F,K,T,D,L,R,F,Q,S,S,A,V,M,A,L,-,Q,E,A,S,E,A,Y,L,V,G,L,F,E,D,T,N,L,C,A,I,H,A,K,R,V,T,I,M,P,K,D,I,Q,L,-,A,R,R,I,R,G,E,R,A,-,-,-,-,-,-,-,-,-,-,-,-,-,-,-,-,-,-,-,-,-,-,-,-,-,-,-,-
Chinchilla lanigera-34839:0034c4,-,-,-,-,-,-,-,-,-,-,-,-,-,-,-,-,-,M,A,R,T,K,Q,T,A,R,K,S,T,G,G,K,A,P,R,K,Q,L,A,T,K,A,A,R,K,S,A,P,A,T,-,-,-,G,G,V,K,K,P,H,R,Y,R,P,G,T,V,A,L,R,E,I,R,R,Y,Q,K,S,T,E,L,L,I,R,K,L,P,F,Q,R,L,V,R,E,I,A,Q,D,F,K,T,D,L,R,F,Q,S,S,A,V,M,A,L,-,Q,E,A,S,E,A,Y,L,V,G,L,F,E,D,T,N,L,C,A,I,H,A,K,R,V,T,I,M,P,K,D,I,Q,L,-,A,R,R,I,R,G,E,R,A,-,-,-,-,-,-,-,-,-,-,-,-,-,-,-,-,-,-,-,-,-,-,-,-,-,-,-,-
Chlorocebus sabaeus-60711:000a8b,-,-,-,-,-,-,-,-,-,-,-,-,-,-,-,-,-,M,A,R,T,K,Q,T,A,R,K,S,T,G,G,K,A,P,R,K,Q,L,A,T,K,A,A,R,K,S,A,P,S,T,-,-,-,G,G,V,K,K,P,H,R,Y,R,P,G,T,V,A,L,R,E,I,R,R,Y,Q,K,S,T,E,L,L,I,R,K,L,P,F,Q,R,L,V,R,E,I,A,Q,D,F,K,T,D,L,R,F,Q,S,A,A,I,G,A,L,-,Q,E,A,S,E,A,Y,L,V,G,L,F,E,D,T,N,L,C,A,I,H,A,K,R,V,T,I,M,P,K,D,I,Q,L,-,A,R,R,I,R,G,E,R,A,-,-,-,-,-,-,-,-,-,-,-,-,-,-,-,-,-,-,-,-,-,-,-,-,-,-,-,-
Chrysochloris asiatica-185453:002db8,-,-,-,-,-,-,-,-,-,-,-,-,-,-,-,-,-,M,A,R,T,K,Q,T,A,R,K,S,T,G,G,K,A,P,R,K,Q,L,A,P,K,V,A,R,K,S,V,L,A,T,-,-,-,G,G,V,K,K,P,H,R,Y,R,P,G,T,V,A,L,R,E,I,R,R,F,Q,K,S,T,E,L,L,I,R,K,L,P,F,Q,R,L,V,R,E,V,A,Q,D,F,K,T,D,L,R,F,Q,S,S,A,V,T,A,L,-,Q,E,V,C,E,S,Y,L,V,G,L,F,E,N,I,N,L,C,A,I,H,A,K,R,V,T,I,M,P,K,D,I,Q,L,-,A,R,R,I,S,G,E,R,A,-,-,-,-,-,-,-,-,-,-,-,-,-,-,-,-,-,-,-,-,-,-,-,-,-,-,-,-
Clupea harengus-7950:004c8f 2A,-,-,-,-,-,-,-,-,-,-,-,-,-,-,-,-,-,M,A,R,T,K,Q,T,A,R,K,S,T,G,G,K,A,P,R,K,Q,L,A,T,K,A,A,R,K,S,A,P,A,T,-,-,-,G,G,V,K,K,P,H,R,Y,R,P,G,T,V,A,L,R,E,I,R,R,Y,Q,K,S,T,E,L,L,I,R,K,L,P,F,Q,R,L,V,R,E,I,A,Q,D,F,K,T,D,L,R,F,Q,S,S,A,V,M,A,L,-,Q,E,A,S,E,A,Y,L,V,G,L,F,E,D,T,N,L,C,A,I,H,A,K,R,V,T,I,M,P,K,D,I,Q,L,-,A,R,R,I,R,G,E,R,A,-,-,-,-,-,-,-,-,-,-,-,-,-,-,-,-,-,-,-,-,-,-,-,-,-,-,-,-
Colobus angolensis-54131:000824,-,-,-,-,-,-,-,-,-,-,-,-,-,-,-,-,-,M,A,R,T,K,Q,T,A,R,K,S,T,G,G,K,A,P,R,K,Q,L,A,T,K,A,A,R,K,S,A,P,A,T,-,-,-,G,G,V,K,K,P,H,R,Y,R,P,G,T,V,A,L,R,E,I,R,R,Y,Q,K,S,T,E,L,L,I,R,K,L,P,F,Q,R,L,V,R,E,I,A,Q,D,F,K,T,D,L,R,F,Q,S,S,A,V,M,A,L,-,Q,E,A,C,E,A,Y,L,V,G,L,F,E,D,T,N,L,C,A,I,H,A,K,R,V,T,I,M,P,K,D,I,Q,L,-,A,R,R,I,R,G,E,R,A,-,-,-,-,-,-,-,-,-,-,-,-,-,-,-,-,-,-,-,-,-,-,-,-,-,-,-,-
Condylura cristata-143302:0014a8,-,-,-,-,-,-,-,-,-,-,-,-,-,-,-,-,-,-,-,-,-,-,-,-,-,-,-,-,-,-,-,-,-,-,-,-,-,-,-,-,-,-,-,-,-,-,-,-,-,M,-,-,-,D,E,I,K,L,L,H,-,Y,R,P,G,T,V,A,L,R,E,I,R,R,Y,Q,K,S,A,E,L,L,I,R,K,L,P,F,Q,R,L,V,R,G,I,A,Q,G,F,Q,-,-,-,-,-,-,S,F,E,V,M,A,L,-,Q,A,S,E,I,S,-,-,V,G,L,L,V,N,I,Y,L,S,A,I,H,A,K,R,V,T,T,M,A,R,D,I,Q,L,-,A,R,R,I,R,G,G,R,A,W,G,S,R,L,K,Q,A,T,-,-,-,-,-,-,-,-,-,-,-,-,-,-,-,-,-,-,-
Corvus cornix-181096:0033e8,-,-,-,-,-,-,-,-,-,-,-,-,-,-,-,-,-,M,A,R,T,K,Q,T,A,R,K,S,T,G,G,K,A,P,R,K,Q,L,A,T,K,A,A,R,K,S,A,P,S,T,-,-,-,G,G,V,K,K,P,H,R,Y,R,P,G,T,V,A,L,R,E,I,R,R,Y,Q,K,S,T,E,L,L,I,R,K,L,P,F,Q,R,L,V,R,E,I,A,Q,D,F,K,T,D,L,R,F,Q,S,A,A,I,G,A,L,-,Q,E,A,S,E,A,Y,L,V,G,L,F,E,D,T,N,L,C,A,I,H,A,K,R,V,T,I,M,P,K,D,I,Q,L,-,A,R,R,I,R,G,E,R,A,-,-,-,-,-,-,-,-,-,-,-,-,-,-,-,-,-,-,-,-,-,-,-,-,-,-,-,-
Cynoglossus semilaevis-244447:0012b0,-,-,-,-,-,-,-,-,-,-,-,-,-,-,-,-,-,M,A,R,T,K,Q,T,A,R,K,S,T,G,G,K,A,P,R,K,Q,L,A,T,K,A,A,R,K,S,A,P,S,T,-,-,-,G,G,V,K,K,P,H,R,Y,R,P,G,T,V,A,L,R,E,I,R,Q,Y,Q,K,S,T,E,L,L,I,R,K,L,P,F,Q,R,L,V,R,E,I,A,Q,D,F,K,T,D,L,R,F,Q,S,A,A,V,G,A,L,-,Q,E,A,S,E,A,Y,L,V,G,L,F,E,D,T,N,L,C,A,I,H,A,K,R,V,T,I,M,P,K,D,I,Q,L,-,A,R,R,I,R,G,E,R,P,-,-,-,-,-,-,-,-,-,-,-,-,-,-,-,-,-,-,-,-,-,-,-,-,-,-,-,-
Danio rerio-7955:0010d0,-,-,-,-,-,-,-,-,-,-,-,-,-,-,-,-,-,M,A,R,T,K,Q,T,A,R,K,S,T,G,G,K,A,P,R,K,Q,L,A,T,K,A,A,R,K,S,A,P,A,T,-,-,-,G,G,V,K,K,P,H,R,Y,R,P,G,T,V,A,L,R,E,I,R,R,Y,Q,K,S,T,E,L,L,I,R,K,L,P,F,Q,R,L,V,R,E,I,A,Q,D,F,K,T,D,L,R,F,Q,S,S,A,V,M,A,L,-,Q,E,A,S,E,A,Y,L,V,G,L,F,E,D,T,N,L,C,A,I,H,A,K,R,V,T,I,M,P,K,D,I,Q,L,-,A,R,R,I,R,G,E,R,A,-,-,-,-,-,-,-,-,-,-,-,-,-,-,-,-,-,-,-,-,-,-,-,-,-,-,-,-
Dasypus novemcinctus-9361:0044e2,-,-,-,-,-,-,-,-,-,-,-,-,-,-,-,-,-,-,-,-,M,T,L,L,V,S,S,D,S,R,G,S,V,P,S,K,L,L,P,N,P,T,A,P,R,E,Q,P,A,T,K,A,K,G,G,V,R,K,P,H,D,Y,R,A,P,R,P,P,-,-,E,I,R,R,S,H,K,A,P,A,L,L,K,G,Q,Q,P,L,G,-,-,-,-,E,V,A,Q,G,F,Q,P,D,L,-,-,-,A,P,A,L,G,R,G,-,G,A,G,G,V,R,G,L,P,G,A,R,R,G,H,H,P,V,R,P,A,R,L,A,L,T,A,T,P,Q,D,A,P,L,-,A,R,C,V,C,G,E,R,A,E,G,G,Y,L,S,E,P,H,P,K,L,F,S,E,P,P,T,F,S,N,K,M,A,V,E,N,T
Elephantulus edwardii-28737:004fd0,-,-,-,-,-,-,-,-,-,-,-,-,-,-,-,M,P,K,A,R,A,K,P,T,A,R,K,S,T,G,G,K,A,P,R,K,Q,L,E,T,K,A,A,H,K,S,A,L,S,T,-,-,-,G,G,V,K,K,P,H,R,Y,R,H,G,T,V,A,L,R,E,I,R,R,Y,Q,K,S,P,E,F,M,I,R,K,L,F,F,Q,H,L,V,R,E,I,A,Q,D,F,K,T,D,L,R,F,Q,R,A,A,I,G,A,L,-,Q,E,A,S,E,A,Y,L,V,G,L,F,E,D,T,N,L,C,A,I,H,V,K,C,V,T,T,M,P,K,D,I,E,L,-,A,C,R,I,R,G,E,R,A,-,-,-,-,-,-,-,-,-,-,-,-,-,-,-,-,-,-,-,-,-,-,-,-,-,-,-,-
Eptesicus fuscus-29078:001889,-,-,-,-,-,-,-,-,-,-,-,-,-,-,-,-,-,M,A,H,T,K,Q,T,A,R,K,S,T,K,G,K,A,P,R,K,Q,L,A,T,K,A,A,R,K,S,A,P,S,T,-,-,-,G,G,V,K,R,P,H,R,Y,R,P,G,T,V,A,L,P,E,I,R,R,Y,Q,K,S,T,E,L,L,T,R,K,L,P,F,Q,R,L,V,R,E,I,A,Q,D,F,K,T,D,L,R,F,Q,S,A,A,I,G,A,L,-,Q,E,A,S,E,A,Y,L,V,G,L,F,E,D,T,N,L,C,A,L,H,A,K,R,V,T,I,T,P,T,D,T,Q,L,-,A,R,R,I,R,G,E,R,A,-,-,-,-,-,-,-,-,-,-,-,-,-,-,-,-,-,-,-,-,-,-,-,-,-,-,-,-
Equus caballus-9796:00271f,-,-,-,-,-,-,-,-,-,-,-,-,-,-,-,-,-,M,A,R,T,K,Q,T,A,R,K,S,T,G,G,K,A,P,R,K,Q,L,A,T,K,A,A,R,K,S,A,P,A,T,-,-,-,G,G,V,K,K,P,H,R,Y,R,P,G,T,V,A,L,R,E,I,R,R,Y,Q,K,S,T,E,L,L,I,R,K,L,P,F,Q,R,L,V,R,E,I,A,Q,D,F,K,T,D,L,R,F,Q,S,S,A,V,M,A,L,-,Q,E,A,C,E,A,Y,L,V,G,L,F,E,D,T,N,L,C,A,I,H,A,K,R,V,T,I,M,P,K,D,I,Q,L,-,A,R,R,I,R,G,E,R,A,-,-,-,-,-,-,-,-,-,-,-,-,-,-,-,-,-,-,-,-,-,-,-,-,-,-,-,-
Equus przewalskii-9798:001d37,-,-,-,-,-,-,-,-,-,-,-,-,-,-,-,-,-,M,A,G,T,K,Q,T,G,H,K,S,T,G,S,K,A,P,R,K,Q,L,A,T,K,A,A,C,K,S,V,P,P,T,-,-,-,G,R,V,K,K,P,H,C,Y,K,P,G,T,E,V,L,C,E,I,R,R,Y,L,K,S,P,E,L,L,I,D,K,L,P,F,Q,H,L,V,R,E,I,A,Q,D,F,K,T,D,L,C,F,Q,S,A,A,I,G,A,L,-,Q,E,A,S,E,A,Y,L,V,C,L,F,E,D,T,N,L,C,A,I,H,A,K,C,V,M,M,M,P,K,D,I,Q,L,A,A,R,H,I,H,G,E,C,A,-,-,-,-,-,-,-,-,-,-,-,-,-,-,-,-,-,-,-,-,-,-,-,-,-,-,-,-
Esox lucius-8010:004431,-,-,-,-,-,-,-,-,-,-,-,-,-,-,-,-,-,M,A,R,T,K,Q,T,A,R,K,S,T,G,G,K,A,P,R,K,Q,L,A,T,K,A,A,R,K,S,A,P,A,T,-,-,-,G,G,V,K,K,P,H,R,Y,R,P,G,T,V,A,L,R,E,I,R,R,Y,Q,K,S,T,E,L,L,I,R,K,L,P,F,Q,R,L,V,R,E,I,A,Q,D,F,K,T,D,L,R,F,Q,S,L,A,V,M,A,L,-,Q,E,A,S,E,A,Y,L,V,G,L,F,E,D,T,N,L,C,A,I,H,A,K,R,V,T,I,M,P,K,D,I,Q,L,-,A,R,R,I,R,G,E,R,A,-,-,-,-,-,-,-,-,-,-,-,-,-,-,-,-,-,-,-,-,-,-,-,-,-,-,-,-
Falco cherrug-345164:002319,-,-,-,-,-,-,-,-,-,-,-,-,-,-,-,-,-,M,A,R,T,K,Q,T,A,R,K,S,T,G,G,K,A,P,R,K,Q,L,A,T,K,A,A,R,K,S,A,P,A,T,-,-,-,G,G,V,K,K,P,H,R,Y,R,P,G,T,G,G,-,-,-,-,-,-,-,-,-,-,-,R,L,L,I,R,K,L,P,F,Q,R,L,V,R,E,I,A,Q,D,F,K,T,D,L,R,F,Q,S,S,A,V,M,A,L,-,Q,E,A,S,E,A,Y,L,V,G,L,F,E,D,T,N,L,C,A,I,H,A,K,R,V,T,I,M,P,K,D,I,Q,L,-,A,R,R,I,R,G,E,R,A,-,-,-,-,-,-,-,-,-,-,-,-,-,-,-,-,-,-,-,-,-,-,-,-,-,-,-,-
Falco peregrinus-8954:0005dd,-,-,-,-,-,-,-,-,-,-,-,-,-,-,-,-,-,M,A,R,T,K,Q,T,A,R,K,S,T,G,G,K,A,P,R,K,Q,L,A,T,K,A,A,R,K,S,A,P,A,T,-,-,-,G,G,V,K,K,P,N,R,T,R,P,G,T,V,G,-,-,-,-,D,G,Y,Q,K,S,T,D,L,L,I,R,K,L,P,F,Q,R,L,V,R,E,I,A,Q,D,F,K,T,D,L,R,F,Q,S,S,A,V,M,A,L,-,Q,E,A,S,E,A,Y,L,V,G,L,F,E,D,T,N,L,C,A,I,H,A,K,R,V,T,I,M,P,K,D,I,Q,L,-,A,R,R,I,R,G,E,R,A,-,-,-,-,-,-,-,-,-,-,-,-,-,-,-,-,-,-,-,-,-,-,-,-,-,-,-,-
Felis catus-9685:001924,-,-,-,-,-,-,-,-,-,-,-,-,-,-,-,-,-,M,A,R,T,K,Q,T,A,R,K,S,T,G,G,K,A,P,R,K,Q,L,A,T,K,A,A,R,K,S,A,P,A,T,-,-,-,G,G,V,K,K,P,H,R,Y,R,P,G,T,V,A,L,R,E,I,R,R,Y,Q,K,S,T,E,L,L,I,R,K,L,P,F,Q,R,L,V,R,E,I,A,Q,D,F,K,T,D,L,R,F,Q,S,S,A,V,M,A,L,-,Q,E,A,C,E,A,Y,L,V,G,L,F,E,D,T,N,L,C,A,I,H,A,K,R,V,T,I,M,P,K,D,I,Q,L,-,A,R,R,I,R,G,E,R,A,-,-,-,-,-,-,-,-,-,-,-,-,-,-,-,-,-,-,-,-,-,-,-,-,-,-,-,-
Ficedula albicollis-59894:000181,-,-,-,-,-,-,-,-,-,-,-,-,-,-,-,-,-,M,A,R,T,K,Q,T,A,R,K,S,T,G,G,K,A,P,R,K,Q,L,A,T,K,A,A,R,K,S,A,P,A,T,-,-,-,G,G,V,K,K,P,H,R,Y,R,P,G,T,V,A,L,R,E,I,R,R,Y,Q,K,S,T,E,L,L,I,R,K,L,P,F,Q,R,L,V,R,E,I,A,Q,D,F,K,T,D,L,R,F,Q,S,S,A,V,M,A,L,-,Q,E,A,S,E,A,Y,L,V,G,L,F,E,D,T,N,L,C,A,I,H,A,K,R,V,T,I,M,P,K,D,I,Q,L,-,A,R,R,I,R,G,E,R,A,-,-,-,-,-,-,-,-,-,-,-,-,-,-,-,-,-,-,-,-,-,-,-,-,-,-,-,-
Fukomys damarensis-885580:0041bf,-,-,-,-,-,-,-,-,-,-,-,-,-,-,-,-,-,M,A,R,T,K,Q,T,A,R,K,S,T,G,G,K,A,P,R,K,Q,L,A,T,K,A,A,R,K,S,A,P,S,T,-,-,-,G,G,V,K,K,P,H,R,Y,R,P,G,T,V,A,L,R,E,I,R,R,Y,Q,K,S,T,E,L,L,I,R,K,L,P,F,Q,R,L,V,R,E,I,A,Q,D,F,K,T,D,L,R,F,Q,S,A,A,I,G,A,L,-,Q,E,A,S,E,A,Y,L,V,G,L,F,E,D,T,N,L,C,A,I,H,A,K,R,V,T,I,M,P,K,D,I,Q,L,-,A,R,R,I,R,G,E,R,A,-,-,-,-,-,-,-,-,-,-,-,-,-,-,-,-,-,-,-,-,-,-,-,-,-,-,-,-
Fundulus heteroclitus-8078:004891,-,-,-,-,-,-,-,-,-,-,-,-,-,-,-,-,-,M,A,R,T,K,Q,T,A,R,K,S,T,G,G,K,A,P,R,K,Q,L,A,T,K,A,A,R,K,S,A,P,S,T,-,-,-,G,G,V,K,K,P,H,R,Y,-,P,G,T,V,A,L,R,E,I,R,R,Y,Q,K,S,T,E,L,L,I,R,K,L,P,F,Q,R,L,V,R,E,I,A,Q,D,F,K,T,D,L,R,F,Q,S,A,A,I,G,A,L,Q,Q,E,A,S,E,A,Y,L,V,G,L,F,E,D,T,N,L,C,A,I,H,A,K,R,V,T,I,M,P,K,D,I,Q,L,-,A,R,R,I,R,G,E,R,A,-,-,-,-,-,-,-,-,-,-,-,-,-,-,-,-,-,-,-,-,-,-,-,-,-,-,-,-
Gadus morhua-8049:0021af,-,-,-,-,-,-,-,-,-,-,-,-,-,-,-,-,-,M,A,R,T,K,Q,T,A,R,K,S,T,G,G,K,A,P,R,K,Q,L,A,T,K,A,A,R,K,S,A,P,A,T,-,-,-,G,G,V,K,K,P,H,R,Y,R,P,G,T,V,A,L,R,E,I,R,R,Y,Q,K,S,T,E,L,L,I,R,K,L,P,F,Q,R,L,V,R,E,I,A,Q,D,F,K,T,D,L,R,F,Q,S,S,A,V,M,A,L,-,Q,E,A,S,E,A,Y,L,V,G,L,F,E,D,T,N,L,C,A,I,H,A,K,R,V,T,I,M,P,K,D,I,Q,L,-,A,R,R,I,R,G,E,R,A,-,-,-,-,-,-,-,-,-,-,-,-,-,-,-,-,-,-,-,-,-,-,-,-,-,-,-,-
Galeopterus variegatus-482537:0000ce,-,-,-,-,-,-,-,-,-,-,-,-,-,-,-,-,-,M,A,R,T,K,Q,T,A,R,K,S,T,G,G,K,A,P,R,K,Q,L,A,T,K,A,A,R,K,S,A,P,A,T,-,-,-,G,G,V,K,K,P,H,R,Y,R,P,G,T,V,A,L,R,E,I,R,R,Y,Q,K,S,T,E,L,L,I,R,K,L,P,F,Q,R,L,V,R,E,I,A,Q,D,F,K,T,D,L,R,F,Q,S,S,A,V,M,A,L,-,Q,E,A,C,E,A,Y,L,V,G,L,F,E,D,T,N,L,C,S,A,F,W,-,-,-,-,-,-,-,-,-,-,-,-,-,-,-,-,-,-,-,-,-,-,-,-,-,-,-,-,-,-,-,-,-,-,-,-,-,-,-,-,-,-,-,-,-,-,-,-,-,-
Gallus gallus-9031:0009f9,-,-,-,-,-,-,-,-,-,-,-,-,-,-,-,-,-,M,A,R,T,K,Q,T,A,R,K,S,T,G,G,K,A,P,R,K,Q,L,A,T,K,A,A,R,K,S,A,P,A,T,-,-,-,G,G,V,K,K,P,H,R,Y,R,P,G,T,V,A,L,R,E,I,R,R,Y,Q,K,S,T,E,L,L,I,R,K,L,P,F,Q,R,L,V,R,E,I,A,Q,D,F,K,T,D,L,R,F,Q,S,S,A,V,M,A,L,-,Q,E,A,S,E,A,Y,L,V,G,L,F,E,D,T,N,L,C,A,I,H,A,K,R,V,T,I,M,P,K,D,I,Q,L,-,A,R,R,I,R,G,E,R,A,-,-,-,-,-,-,-,-,-,-,-,-,-,-,-,-,-,-,-,-,-,-,-,-,-,-,-,-
Gasterosteus aculeatus-69293:0020e6,-,-,-,-,-,-,-,-,-,-,-,-,-,-,-,-,-,M,A,R,T,K,Q,T,A,R,K,S,T,G,G,K,A,P,R,K,Q,L,A,T,K,A,A,R,K,S,A,P,A,T,-,-,-,G,G,V,K,K,P,H,R,Y,R,P,G,T,V,A,L,R,E,I,R,R,Y,Q,K,S,T,E,L,L,I,R,K,L,P,F,Q,R,L,V,R,E,I,A,Q,D,F,K,T,D,L,R,F,Q,S,S,A,V,M,A,L,-,Q,E,S,S,E,A,Y,L,V,G,L,F,E,D,T,N,L,C,A,I,H,A,K,R,V,T,I,M,P,K,D,I,Q,L,-,A,R,R,I,R,G,E,R,A,-,-,-,-,-,-,-,-,-,-,-,-,-,-,-,-,-,-,-,-,-,-,-,-,-,-,-,-
Geospiza fortis-48883:00247a,-,-,-,-,-,-,-,-,-,-,-,-,-,-,-,-,-,-,-,-,M,T,Q,T,A,R,K,A,T,G,G,K,A,P,R,K,Q,L,A,T,K,A,A,R,K,S,A,P,A,T,-,-,-,G,G,V,K,K,P,H,R,Y,R,P,G,T,V,A,L,R,E,I,R,R,Y,Q,K,S,T,E,L,L,I,R,K,L,P,F,Q,R,L,V,R,E,I,A,Q,D,F,K,T,D,L,R,F,Q,S,S,A,V,M,A,L,-,Q,E,A,S,E,A,Y,L,V,G,L,F,E,D,T,N,L,C,A,I,H,A,K,R,V,T,I,M,P,K,D,I,Q,L,-,A,R,R,I,R,G,E,R,A,-,-,-,-,-,-,-,-,-,-,-,-,-,-,-,-,-,-,-,-,-,-,-,-,-,-,-,-
Gorilla gorilla gorilla 2A (XP 004041818.1),-,-,-,-,-,-,-,-,-,-,-,-,-,-,-,-,-,M,A,R,T,K,Q,T,A,R,K,S,T,G,G,K,A,P,R,K,Q,L,A,T,K,A,A,R,K,S,A,P,A,T,-,-,-,G,G,V,K,K,P,H,R,Y,R,P,G,T,V,A,L,R,E,I,R,R,Y,Q,K,S,T,E,L,L,I,R,K,L,P,F,Q,R,L,V,R,E,I,A,Q,D,F,K,T,D,L,R,F,Q,S,S,A,V,M,A,L,-,Q,E,A,S,E,A,Y,L,V,G,L,F,E,D,T,N,L,C,A,I,H,A,K,R,V,T,I,M,P,K,D,I,Q,L,-,A,R,R,I,R,G,E,R,A,-,-,-,-,-,-,-,-,-,-,-,-,-,-,-,-,-,-,-,-,-,-,-,-,-,-,-,-
Haliaeetus leucocephalus-52644:0039aa,-,-,-,-,-,-,-,-,-,-,-,-,-,-,-,-,-,M,A,R,T,K,Q,T,A,R,K,S,T,G,G,K,A,P,R,K,Q,L,A,T,K,A,A,R,K,S,A,P,A,T,-,-,-,G,G,V,K,K,P,H,R,Y,R,P,G,T,V,A,L,R,E,I,R,R,Y,Q,K,S,T,E,L,L,I,R,K,L,P,F,Q,R,L,V,R,E,I,A,Q,D,F,K,T,D,L,R,F,Q,S,S,A,V,M,A,L,-,Q,E,A,S,E,A,Y,L,V,G,L,F,E,D,T,N,L,C,A,I,H,A,K,R,V,T,I,M,P,K,D,I,Q,L,-,A,R,R,I,R,G,E,R,A,-,-,-,-,-,-,-,-,-,-,-,-,-,-,-,-,-,-,-,-,-,-,-,-,-,-,-,-
Haplochromis burtoni-8153:000f76,-,-,-,-,-,-,-,-,-,-,-,-,-,-,-,-,-,M,A,R,T,K,Q,T,A,R,K,S,T,G,G,K,A,P,R,K,Q,L,A,T,K,A,A,R,K,S,A,P,S,T,-,-,-,G,G,V,K,K,P,H,R,Y,R,P,G,T,V,A,L,R,E,I,R,R,Y,Q,K,S,T,E,L,L,I,R,K,L,P,F,Q,R,L,V,R,E,I,A,Q,D,F,K,T,D,L,R,F,Q,S,A,A,I,G,A,L,-,Q,E,A,S,E,A,Y,L,V,G,L,F,E,D,T,N,L,C,A,I,H,A,K,R,V,T,I,M,P,K,D,I,Q,L,-,A,R,R,I,R,G,E,R,A,-,-,-,-,-,-,-,-,-,-,-,-,-,-,-,-,-,-,-,-,-,-,-,-,-,-,-,-
Ictidomys tridecemlineatus-43179:000cb7,-,-,-,-,-,-,-,-,-,-,-,-,-,-,-,-,-,M,A,R,T,K,Q,T,A,R,K,S,T,G,G,K,A,P,R,K,Q,L,A,T,K,A,A,R,K,S,A,P,A,T,-,-,-,G,G,V,K,K,P,H,R,Y,R,P,G,T,V,A,L,R,E,I,R,R,Y,Q,K,S,T,E,L,L,I,R,K,L,P,F,Q,R,L,A,R,E,I,A,Q,D,F,K,T,D,L,R,F,Q,S,S,A,V,M,A,L,-,Q,E,A,S,E,A,Y,L,V,G,L,F,E,D,T,N,L,C,A,I,H,A,K,R,V,T,I,M,P,K,D,I,Q,L,-,A,R,R,I,R,G,E,R,A,-,-,-,-,-,-,-,-,-,-,-,-,-,-,-,-,-,-,-,-,-,-,-,-,-,-,-,-
Jaculus jaculus-51337:002c21,-,-,-,-,-,-,-,-,-,-,-,-,-,-,-,-,-,V,A,H,T,K,Q,T,A,C,K,S,T,G,G,K,A,P,R,K,Q,L,A,T,K,A,A,R,K,S,A,P,S,T,-,-,-,G,G,V,K,K,P,H,R,Y,R,P,G,T,V,A,L,R,E,I,R,R,Y,Q,K,S,T,E,L,L,N,C,K,L,P,F,Q,R,L,V,R,E,I,A,L,D,F,K,T,D,L,R,F,Q,S,A,A,I,S,V,L,-,Q,K,A,S,E,A,H,L,V,G,L,F,G,D,T,N,L,C,A,I,H,A,K,H,V,T,I,M,P,K,D,I,Q,L,-,A,R,R,I,R,G,E,C,A,-,-,-,-,-,-,-,-,-,-,-,-,-,-,-,-,-,-,-,-,-,-,-,-,-,-,-,-
Larimichthys crocea-215358:0060b2,M,L,F,K,P,I,S,S,G,D,L,G,E,K,E,R,T,M,A,R,T,K,Q,T,A,R,K,S,T,G,G,K,A,P,R,K,Q,L,A,T,K,A,A,R,K,S,A,P,A,T,-,-,-,G,G,V,K,K,P,H,R,Y,R,P,G,T,V,A,L,R,E,I,R,R,Y,Q,K,S,T,E,L,L,I,R,K,L,P,F,Q,R,L,V,R,E,I,A,Q,D,F,K,T,D,L,R,F,Q,S,S,A,V,M,A,L,-,Q,E,A,S,E,A,Y,L,V,G,L,F,E,D,T,N,L,C,A,I,H,A,K,R,V,T,I,M,P,K,D,I,Q,L,-,A,R,R,I,R,G,E,R,A,-,-,-,-,-,-,-,-,-,-,-,-,-,-,-,-,-,-,-,-,-,-,-,-,-,-,-,-
Latimeria chalumnae-7897:0023c2,-,-,-,-,-,-,-,-,-,-,-,-,-,-,-,-,-,M,A,R,T,K,Q,T,A,R,K,S,T,G,G,K,A,P,R,K,Q,L,A,T,K,A,A,R,K,S,A,P,S,T,-,-,-,G,G,V,K,K,P,H,R,Y,R,P,G,T,V,A,L,R,E,I,R,R,Y,Q,K,S,T,E,L,L,I,R,K,L,P,F,Q,R,L,V,R,E,I,A,Q,D,F,K,T,D,L,R,F,Q,S,A,A,I,G,A,L,-,Q,E,A,S,E,A,Y,L,V,G,L,F,E,D,T,N,L,C,A,I,H,A,K,R,V,T,I,M,P,K,D,I,Q,L,-,A,R,R,I,R,G,E,R,A,-,-,-,-,-,-,-,-,-,-,-,-,-,-,-,-,-,-,-,-,-,-,-,-,-,-,-,-
Leptonychotes weddellii-9713:002029,-,-,-,-,-,-,-,-,-,-,-,-,-,-,-,-,-,M,A,R,T,K,Q,T,A,R,K,S,T,G,G,K,A,P,R,K,Q,L,A,T,-,-,-,-,-,-,-,-,-,-,-,-,-,-,-,-,-,-,-,-,-,-,-,-,-,-,-,-,-,-,-,-,-,-,-,-,-,-,-,-,L,L,I,R,K,L,P,F,Q,R,L,V,R,E,I,A,Q,D,F,K,T,D,L,R,F,Q,S,S,A,V,M,A,L,-,Q,E,A,C,E,A,Y,L,V,G,L,F,E,D,T,N,L,C,A,I,H,A,K,R,V,T,I,M,P,K,D,M,Q,L,-,A,R,R,I,R,G,E,R,A,-,-,-,-,-,-,-,-,-,-,-,-,-,-,-,-,-,-,-,-,-,-,-,-,-,-,-,-
Lipotes vexillifer-118797:002f47,-,-,-,-,-,-,-,-,-,-,-,-,-,-,-,-,-,M,A,R,T,K,Q,T,A,R,K,S,T,G,G,K,A,P,R,K,Q,L,A,T,K,A,A,R,K,S,A,P,A,T,-,-,-,G,G,V,K,K,P,H,R,Y,R,P,G,T,V,A,L,R,E,I,R,R,Y,Q,K,S,T,E,L,L,I,R,K,L,P,F,Q,R,L,V,R,E,I,A,Q,D,F,K,T,D,L,R,F,Q,S,S,A,V,M,A,L,-,Q,E,A,C,E,A,Y,L,V,G,L,F,E,D,T,N,L,C,A,I,H,A,K,R,V,T,I,M,P,K,D,I,Q,L,-,A,R,R,I,R,G,E,R,A,-,-,-,-,-,-,-,-,-,-,-,-,-,-,-,-,-,-,-,-,-,-,-,-,-,-,-,-
Loxodonta africana-9785:001643,-,-,-,-,-,-,-,-,-,-,-,-,-,-,-,-,-,M,A,R,T,K,Q,T,A,R,K,S,T,G,G,K,A,P,R,K,Q,L,A,T,K,A,A,R,K,S,A,P,S,T,-,-,-,G,G,V,K,K,P,H,R,Y,R,P,G,T,V,A,L,R,E,I,R,R,Y,Q,K,S,T,E,L,L,I,R,K,L,P,F,Q,R,L,V,R,E,I,A,Q,D,F,K,T,D,L,R,F,Q,S,A,A,I,G,A,L,-,Q,E,A,S,E,A,Y,L,V,G,L,F,E,D,T,N,L,C,A,I,H,A,K,R,V,T,I,M,P,K,D,I,Q,L,-,A,R,R,I,R,G,E,R,A,-,-,-,-,-,-,-,-,-,-,-,-,-,-,-,-,-,-,-,-,-,-,-,-,-,-,-,-
Macaca mulatta-9544:001bc2,-,-,-,-,-,-,-,-,-,-,-,-,-,-,-,-,-,M,A,R,T,K,Q,T,A,R,K,S,T,G,G,K,A,P,R,K,Q,L,A,T,K,A,A,R,K,S,A,P,A,T,-,-,-,G,G,V,K,K,P,H,R,Y,R,P,G,T,V,A,L,R,E,I,R,R,Y,Q,K,S,T,E,L,L,I,R,K,L,P,F,Q,R,L,V,R,E,I,A,Q,D,F,K,T,D,L,R,F,Q,S,S,A,V,M,A,L,-,Q,E,A,C,E,A,Y,L,V,G,L,F,E,D,T,N,L,C,A,I,H,A,K,R,V,T,I,M,P,K,D,I,Q,L,-,A,R,R,I,R,G,E,R,A,-,-,-,-,-,-,-,-,-,-,-,-,-,-,-,-,-,-,-,-,-,-,-,-,-,-,-,-
Macaca nemestrina-9545:00142b,-,-,-,-,-,-,-,-,-,-,-,-,-,-,-,-,-,M,A,R,T,K,Q,T,A,R,K,S,T,G,G,K,A,P,R,K,Q,L,A,T,K,A,A,R,K,S,A,P,A,T,-,-,-,G,G,V,K,K,P,H,R,Y,R,P,G,T,V,A,L,R,E,I,R,R,Y,Q,K,S,T,E,L,L,I,R,K,L,P,F,Q,R,L,V,R,E,I,A,Q,D,F,K,T,D,L,R,F,Q,S,S,A,V,M,A,L,-,Q,E,A,C,E,A,Y,L,V,G,L,F,E,D,T,N,L,C,A,I,H,A,K,R,V,T,I,M,P,K,D,I,Q,L,-,A,R,R,I,R,G,E,R,A,-,-,-,-,-,-,-,-,-,-,-,-,-,-,-,-,-,-,-,-,-,-,-,-,-,-,-,-
Mandrillus leucophaeus-9568:004797,-,-,-,-,-,-,-,-,-,-,-,-,-,-,-,-,-,M,A,R,T,K,Q,T,A,C,K,S,T,S,G,K,A,P,R,K,Q,L,A,T,K,A,A,R,K,S,A,P,S,T,-,-,-,G,G,V,K,K,P,H,R,Y,R,P,G,T,V,A,L,R,E,I,R,R,Y,Q,K,S,T,E,L,L,I,R,K,L,P,F,Q,R,L,V,R,E,I,A,Q,D,F,K,T,D,L,R,F,Q,S,A,A,I,G,A,L,-,Q,E,A,S,E,P,Y,L,V,G,L,F,E,D,T,N,L,C,A,I,H,A,K,R,V,T,I,M,P,K,D,I,Q,L,-,A,C,R,I,R,G,E,R,A,-,-,-,-,-,-,-,-,-,-,-,-,-,-,-,-,-,-,-,-,-,-,-,-,-,-,-,-
Maylandia zebra-106582:0028a8,-,-,-,-,-,-,-,-,-,-,-,-,-,-,-,-,-,M,A,R,T,K,Q,T,A,R,K,S,T,G,G,K,A,P,R,K,Q,L,A,T,K,A,A,R,K,S,A,P,S,T,-,-,-,G,G,V,K,K,P,H,R,Y,R,P,G,T,V,A,L,R,E,I,R,R,Y,Q,K,S,T,E,L,L,I,R,K,L,P,F,Q,R,L,V,R,E,I,A,Q,D,F,K,T,D,L,R,F,Q,S,A,A,I,G,A,L,-,Q,E,A,S,E,A,Y,L,V,G,L,F,E,D,T,N,L,C,A,I,H,A,K,R,V,T,I,M,P,K,D,I,Q,L,-,A,R,R,I,R,G,E,R,A,-,-,-,-,-,-,-,-,-,-,-,-,-,-,-,-,-,-,-,-,-,-,-,-,-,-,-,-
Meleagris gallopavo-9103:001d26,-,-,-,-,-,-,-,-,-,-,-,-,-,-,-,-,-,M,A,R,T,K,Q,T,A,R,K,S,T,G,G,K,A,P,R,K,Q,L,A,T,K,A,A,R,K,S,A,P,S,T,-,-,-,G,G,V,K,K,P,H,R,Y,R,P,G,T,V,A,L,R,E,I,R,R,Y,Q,K,S,T,E,L,L,I,R,K,L,P,F,Q,R,L,V,R,E,I,A,Q,D,F,K,T,D,L,R,F,Q,S,A,A,I,G,A,L,-,Q,E,A,S,E,A,Y,L,V,G,L,F,E,D,T,N,L,C,A,I,H,A,K,R,V,T,I,M,P,K,D,I,Q,L,-,A,R,R,I,R,G,E,R,A,-,-,-,-,-,-,-,-,-,-,-,-,-,-,-,-,-,-,-,-,-,-,-,-,-,-,-,-
Monodelphis domestica-13616:002659,-,-,-,-,-,-,-,-,-,-,-,-,-,-,-,-,-,M,A,R,T,K,Q,T,A,R,K,S,T,G,G,K,A,P,R,K,Q,L,A,T,K,A,A,R,K,S,A,P,A,T,-,-,-,G,G,V,K,K,P,H,R,Y,R,P,G,T,V,A,L,R,E,I,R,R,Y,Q,K,S,T,E,L,L,I,R,K,L,P,F,Q,R,L,V,R,E,I,A,Q,D,F,K,T,D,L,R,F,Q,S,S,A,V,M,A,L,-,Q,E,A,S,E,S,Y,L,V,G,L,F,E,D,T,N,L,C,A,I,H,A,K,R,V,T,I,M,P,K,D,I,Q,L,-,A,R,R,I,R,G,E,R,A,-,-,-,-,-,-,-,-,-,-,-,-,-,-,-,-,-,-,-,-,-,-,-,-,-,-,-,-
Mus musculus-10090:000af6,-,-,-,-,-,-,-,-,-,-,-,-,-,-,-,-,-,M,A,R,T,K,Q,T,A,R,K,S,T,G,G,K,A,P,R,K,Q,L,A,T,K,A,A,R,K,S,A,P,A,T,-,-,-,G,G,V,K,K,P,H,R,Y,R,P,G,T,V,A,L,R,E,I,R,R,Y,Q,K,S,T,E,L,L,I,R,K,L,P,F,Q,R,L,V,R,E,I,A,Q,D,F,K,T,D,L,R,F,Q,S,S,A,V,M,A,L,-,Q,E,A,C,E,A,Y,L,V,G,L,F,E,D,T,N,L,C,A,I,H,A,K,R,V,T,I,M,P,K,D,I,Q,L,-,A,R,R,I,R,G,E,R,A,-,-,-,-,-,-,-,-,-,-,-,-,-,-,-,-,-,-,-,-,-,-,-,-,-,-,-,-
Mustela putorius furo-9669:00386d,-,-,-,-,-,-,-,-,-,-,-,-,-,-,-,-,-,M,A,R,T,K,Q,T,A,R,K,S,T,G,G,K,A,P,R,K,Q,L,A,T,K,A,A,R,K,S,A,P,S,T,-,-,-,G,G,V,K,K,P,H,R,Y,R,P,G,T,V,A,L,R,E,I,R,R,Y,Q,K,S,T,E,L,L,I,R,K,L,P,F,Q,R,L,V,R,E,I,A,Q,D,F,K,T,D,L,R,F,Q,S,A,A,I,G,A,L,-,Q,E,A,S,E,A,Y,L,V,G,L,F,E,D,T,N,L,C,A,I,H,A,K,R,V,T,I,M,P,K,D,I,Q,L,-,A,R,R,I,R,G,E,R,A,-,-,-,-,-,-,-,-,-,-,-,-,-,-,-,-,-,-,-,-,-,-,-,-,-,-,-,-
Myotis brandtii-109478:000e43,-,-,-,-,-,-,-,-,-,-,-,-,-,-,-,-,-,M,A,R,T,K,Q,T,A,R,K,S,T,G,G,K,A,P,R,K,Q,L,A,T,K,A,A,R,K,S,A,P,A,T,-,-,-,G,G,V,K,K,P,H,R,Y,R,P,G,T,V,A,L,R,E,I,R,R,Y,Q,K,S,T,E,L,L,I,R,K,L,P,F,Q,R,L,V,R,E,I,A,Q,D,F,K,T,D,L,R,F,Q,S,S,A,V,M,A,L,-,Q,E,A,C,E,A,Y,L,V,G,L,F,E,D,T,N,L,C,A,I,H,A,K,R,V,T,I,M,P,K,D,I,Q,L,-,A,R,R,I,R,G,E,R,A,-,-,-,-,-,-,-,-,-,-,-,-,-,-,-,-,-,-,-,-,-,-,-,-,-,-,-,-
Myotis lucifugus-59463:0018ed,-,-,-,-,-,-,-,-,-,-,-,-,-,-,-,-,-,M,A,R,T,K,Q,T,A,R,K,S,T,G,G,K,A,P,R,K,Q,L,A,T,K,A,A,R,K,S,A,P,A,T,-,-,-,G,G,V,K,K,P,H,R,Y,R,P,G,T,V,A,L,R,E,I,R,R,Y,Q,K,S,T,E,L,L,I,R,K,L,P,F,Q,R,L,V,R,E,I,A,Q,D,F,K,T,D,L,R,F,Q,S,S,A,V,M,A,L,-,Q,E,A,C,E,A,Y,L,V,G,L,F,E,D,T,N,L,C,A,I,H,A,K,R,V,T,I,M,P,K,D,I,Q,L,-,A,R,R,I,R,G,E,R,A,-,-,-,-,-,-,-,-,-,-,-,-,-,-,-,-,-,-,-,-,-,-,-,-,-,-,-,-
Nannospalax galili-1026970:00133c,-,-,-,-,-,-,-,-,-,-,-,-,-,-,-,-,-,M,A,R,T,K,Q,T,A,R,K,S,T,G,G,K,A,P,R,K,Q,L,A,T,K,A,A,R,K,S,A,P,A,T,-,-,-,G,G,V,K,K,P,H,R,Y,R,P,G,T,V,A,L,R,E,I,R,R,Y,Q,K,S,T,E,A,L,I,R,K,L,P,F,Q,R,L,V,R,E,I,A,Q,D,F,K,T,D,L,R,F,Q,S,S,A,V,M,A,L,-,Q,E,A,S,E,A,Y,L,V,G,L,F,E,D,T,N,L,C,A,I,H,A,K,R,V,T,I,M,P,K,D,I,Q,L,-,A,R,R,I,R,G,E,R,A,-,-,-,-,-,-,-,-,-,-,-,-,-,-,-,-,-,-,-,-,-,-,-,-,-,-,-,-
Nomascus leucogenys-61853:0006a9,-,-,-,-,-,-,-,-,-,-,-,-,-,-,-,-,-,M,A,R,T,K,Q,T,A,R,K,S,T,G,G,K,A,P,R,K,Q,L,A,T,K,A,A,R,K,S,A,P,A,T,-,-,-,G,G,V,K,K,P,H,R,Y,R,P,G,T,V,A,L,R,E,I,R,R,Y,Q,K,S,T,E,L,L,I,R,K,L,P,F,Q,R,L,V,R,E,I,A,Q,D,F,K,T,D,L,R,F,Q,S,S,A,V,M,A,L,-,Q,E,A,S,E,A,Y,L,V,G,L,F,E,D,T,N,L,C,A,I,H,A,K,R,L,T,I,M,P,K,D,I,Q,L,-,A,R,R,I,R,G,E,R,A,-,-,-,-,-,-,-,-,-,-,-,-,-,-,-,-,-,-,-,-,-,-,-,-,-,-,-,-
Octodon degus-10160:000393,-,-,-,-,-,-,-,-,-,-,-,-,-,-,-,-,-,M,A,R,T,K,Q,T,A,R,K,S,T,G,G,K,A,P,R,K,Q,I,A,I,K,V,G,R,K,T,A,P,A,T,-,-,-,G,G,L,K,K,P,H,R,Y,R,P,G,T,V,A,L,R,E,I,R,R,Y,Q,K,S,T,E,L,L,I,R,K,L,P,F,Q,R,L,V,R,E,I,A,Q,D,F,H,I,T,L,R,F,Q,S,S,A,V,M,A,L,-,Q,E,S,C,E,S,Y,L,V,G,L,F,E,D,T,N,L,C,A,I,H,A,K,R,V,T,I,M,P,K,D,I,Q,L,-,A,R,R,L,R,G,E,R,T,-,-,-,-,-,-,-,-,-,-,-,-,-,-,-,-,-,-,-,-,-,-,-,-,-,-,-,-
Odobenus rosmarus-9707:0036a9,-,-,-,-,-,-,-,-,-,-,-,-,-,-,-,-,-,M,A,R,T,K,Q,T,A,R,K,S,T,G,G,K,A,P,R,K,Q,L,A,T,K,A,A,R,K,S,A,P,S,T,-,-,-,G,G,V,K,K,P,H,R,Y,R,P,G,T,V,A,L,R,E,I,R,R,Y,Q,K,S,T,E,L,L,I,R,K,L,P,F,Q,R,L,V,R,E,I,A,Q,D,F,K,T,D,L,R,F,Q,S,A,A,I,G,A,L,-,Q,E,A,S,E,A,Y,L,V,G,L,F,E,D,T,N,L,C,A,I,H,A,K,R,V,T,I,M,P,K,D,I,Q,L,-,A,R,R,I,R,G,E,R,A,-,-,-,-,-,-,-,-,-,-,-,-,-,-,-,-,-,-,-,-,-,-,-,-,-,-,-,-
Ophiophagus hannah-8665:00329d 2A,-,-,-,-,-,-,-,-,-,-,-,-,-,-,-,-,-,M,A,R,T,K,Q,T,A,R,K,S,T,G,G,K,A,P,R,K,Q,L,A,T,K,A,A,R,K,S,A,P,A,T,-,-,-,G,G,V,K,K,P,H,R,Y,R,P,G,T,V,A,L,R,E,I,R,R,Y,Q,K,S,T,E,L,L,I,R,K,L,P,F,Q,R,L,V,R,E,I,A,Q,D,F,K,T,D,L,R,F,Q,S,S,A,V,M,A,L,-,Q,E,A,S,E,A,Y,L,V,G,L,F,E,D,T,N,L,C,A,I,H,A,K,R,V,T,I,M,P,K,D,I,Q,L,-,A,R,R,I,R,G,E,R,A,-,-,-,-,-,-,-,-,-,-,-,-,-,-,-,-,-,-,-,-,-,-,-,-,-,-,-,-
Oreochromis niloticus-8128:004dbc,-,-,-,-,-,-,-,-,-,-,-,-,-,-,-,-,-,M,A,R,T,K,Q,T,A,R,K,S,T,G,G,K,A,P,R,K,Q,L,A,T,K,A,A,R,K,S,A,P,S,T,-,-,-,G,G,V,K,K,P,H,R,Y,R,P,G,T,V,A,L,R,E,I,R,R,Y,Q,K,S,T,E,L,L,I,R,K,L,P,F,Q,R,L,V,R,E,I,A,Q,D,F,K,T,D,L,R,F,Q,S,A,A,I,G,A,L,-,Q,E,A,S,E,A,Y,L,V,G,L,F,E,D,T,N,L,C,A,I,H,A,K,R,V,T,I,M,P,K,D,I,Q,L,-,A,R,R,I,R,G,E,R,A,-,-,-,-,-,-,-,-,-,-,-,-,-,-,-,-,-,-,-,-,-,-,-,-,-,-,-,-
Ornithorhynchus anatinus-9258:000af9,-,-,-,-,-,-,-,-,-,-,-,-,-,-,-,-,-,M,A,R,T,K,Q,T,A,R,K,S,T,G,G,K,A,P,R,K,Q,L,A,T,K,A,A,R,K,S,A,P,S,T,-,-,-,G,G,V,K,K,P,H,R,Y,R,P,G,T,V,A,L,R,E,I,R,R,Y,Q,K,S,T,E,L,L,I,R,K,L,P,F,Q,R,L,V,R,E,I,A,Q,D,F,K,T,D,L,R,F,Q,S,A,A,I,G,A,L,-,Q,E,A,S,E,A,Y,L,V,G,L,F,E,D,T,N,L,C,A,I,H,A,K,R,V,T,I,M,P,K,D,I,Q,L,-,A,R,R,I,R,G,E,R,A,-,-,-,-,-,-,-,-,-,-,-,-,-,-,-,-,-,-,-,-,-,-,-,-,-,-,-,-
Oryctolagus cuniculus-9986:000842,-,-,-,-,-,-,-,-,-,-,-,-,-,-,-,-,-,M,A,R,T,K,Q,T,A,R,K,S,T,G,G,K,A,P,R,K,Q,L,A,T,K,A,A,R,K,S,A,P,S,T,-,-,-,G,G,V,K,K,P,H,R,Y,R,P,G,T,V,A,L,R,E,I,R,R,Y,Q,K,S,T,E,L,L,I,R,K,L,P,F,Q,R,L,V,R,E,I,A,Q,D,F,K,T,D,L,R,F,Q,S,A,A,I,G,A,L,-,Q,E,A,S,E,A,Y,L,V,G,L,F,E,D,T,N,L,C,A,I,H,A,K,R,V,T,I,M,P,K,D,I,Q,L,-,A,R,R,I,R,G,E,R,A,-,-,-,-,-,-,-,-,-,-,-,-,-,-,-,-,-,-,-,-,-,-,-,-,-,-,-,-
Oryzias latipes-8090:00102d 2A,-,-,-,-,-,-,-,-,-,-,-,-,-,-,-,-,-,M,A,R,T,K,Q,T,A,R,K,S,T,G,G,K,A,P,R,K,Q,L,A,T,K,A,A,R,K,S,A,P,S,T,-,-,-,G,G,V,K,K,P,H,R,Y,R,P,G,T,V,A,L,R,E,I,R,R,Y,Q,K,S,T,E,L,L,I,R,K,L,P,F,Q,R,L,V,R,E,I,A,Q,D,F,K,T,D,L,R,F,Q,S,A,A,I,G,A,L,-,Q,E,A,S,E,A,Y,L,V,G,L,F,E,D,T,N,L,C,A,I,H,A,K,R,V,T,I,M,P,K,D,I,Q,L,-,A,R,R,I,R,G,E,R,A,-,-,-,-,-,-,-,-,-,-,-,-,-,-,-,-,-,-,-,-,-,-,-,-,-,-,-,-
Otolemur garnettii-30611:0004f5,-,-,-,-,-,-,-,-,-,-,-,-,-,-,-,-,-,M,A,R,T,K,Q,T,A,R,K,S,A,G,G,K,A,P,R,K,Q,L,A,T,K,A,A,R,K,S,A,P,S,T,-,-,-,G,G,V,K,K,P,H,R,Y,R,P,G,T,V,A,L,R,E,I,R,R,Y,Q,K,S,T,E,L,L,I,R,K,L,P,F,Q,R,L,V,R,E,I,A,Q,D,F,K,T,D,L,R,F,Q,N,A,A,I,G,A,L,-,Q,E,A,S,E,A,Y,L,V,G,L,F,E,D,T,N,L,C,A,I,H,A,K,R,V,T,I,M,P,K,D,I,Q,L,-,A,R,R,I,N,G,V,C,S,-,-,-,-,-,-,-,-,-,-,-,-,-,-,-,-,-,-,-,-,-,-,-,-,-,-,-,-
Ovis aries-9940:00370f,-,-,-,-,-,-,-,-,-,-,-,-,-,-,-,-,-,M,A,R,T,K,Q,T,A,R,K,S,T,G,G,K,A,P,R,K,Q,L,A,T,K,A,A,R,K,S,A,P,S,T,-,-,-,G,G,V,K,K,P,H,R,Y,R,P,G,T,V,A,L,R,E,I,R,R,Y,Q,K,S,T,E,L,L,I,R,K,L,P,F,Q,R,L,V,R,E,I,A,Q,D,F,K,T,D,L,R,F,Q,S,A,A,I,G,A,L,-,Q,E,A,S,E,A,Y,L,V,G,L,F,E,D,T,N,L,C,A,I,H,A,K,R,V,T,I,M,P,K,D,I,Q,L,-,A,R,R,I,R,G,E,R,A,-,-,-,-,-,-,-,-,-,-,-,-,-,-,-,-,-,-,-,-,-,-,-,-,-,-,-,-
Pan paniscus-9597:004bdc,-,-,-,-,-,-,-,-,-,-,-,-,-,-,-,-,-,M,A,R,T,K,Q,T,A,R,K,S,T,G,G,K,A,P,R,K,Q,L,A,T,K,A,A,R,K,S,A,P,S,T,-,-,-,G,G,V,K,K,P,H,R,Y,R,P,G,T,V,A,L,R,E,I,R,R,Y,Q,K,S,T,E,L,L,I,R,K,L,P,F,Q,R,L,V,R,E,I,A,Q,D,F,K,T,D,L,R,F,Q,S,A,A,I,G,A,L,-,Q,E,A,S,E,A,Y,L,V,G,L,F,E,D,T,N,L,C,A,I,H,A,K,R,V,T,I,M,P,K,D,I,Q,L,-,A,R,R,I,R,G,E,R,A,-,-,-,-,-,-,-,-,-,-,-,-,-,-,-,-,-,-,-,-,-,-,-,-,-,-,-,-
Pan troglodytes 2A (XP 016787334.1),-,-,-,-,-,-,-,-,-,-,-,-,-,-,-,-,-,M,A,R,T,K,Q,T,A,R,K,S,T,G,G,K,A,P,R,K,Q,L,A,T,K,A,A,R,K,S,A,P,A,T,-,-,-,G,G,V,K,K,P,H,R,Y,R,P,G,T,V,A,L,R,E,I,R,R,Y,Q,K,S,T,E,L,L,I,R,K,L,P,F,Q,R,L,V,R,E,I,A,Q,D,F,K,T,D,L,R,F,Q,S,S,A,V,M,A,L,-,Q,E,A,C,E,A,Y,L,V,G,L,F,E,D,T,N,L,C,A,I,H,A,K,R,V,T,I,M,P,K,D,I,Q,L,-,A,R,R,I,R,G,E,R,A,-,-,-,-,-,-,-,-,-,-,-,-,-,-,-,-,-,-,-,-,-,-,-,-,-,-,-,-
Panthera tigris-9694:003ec6,-,-,-,-,-,-,-,-,-,-,-,-,-,-,-,-,-,M,A,R,T,K,Q,T,A,S,K,S,T,G,G,K,A,P,R,K,Q,L,A,T,K,A,A,P,K,S,A,P,S,T,-,-,-,G,V,V,K,K,P,H,C,Y,R,P,G,T,V,A,L,R,E,I,R,R,Y,Q,K,S,T,A,L,L,F,H,E,L,P,F,Q,R,L,V,R,E,I,A,Q,D,F,K,T,D,L,R,F,Q,S,A,A,I,G,A,L,-,Q,E,A,S,E,A,Y,L,V,S,L,F,E,D,T,S,L,C,A,I,H,A,K,R,V,T,I,M,P,K,D,V,Q,L,-,E,H,R,I,R,G,E,R,A,-,-,-,-,-,-,-,-,-,-,-,-,-,-,-,-,-,-,-,-,-,-,-,-,-,-,-,-
Pantholops hodgsonii-59538:0056aa,-,-,-,-,-,-,-,-,-,-,-,-,-,-,-,-,-,M,A,R,T,K,Q,T,A,R,K,S,T,G,G,K,A,P,R,K,Q,L,A,T,K,A,A,R,K,S,A,P,S,T,-,-,-,G,G,V,K,K,P,H,R,Y,R,P,G,T,V,A,L,R,E,I,R,R,Y,Q,K,S,T,E,L,L,I,G,K,L,P,F,Q,R,L,V,R,E,I,A,Q,D,F,K,T,D,L,R,F,Q,S,A,A,I,G,A,L,-,Q,E,A,S,E,A,Y,L,V,G,L,F,E,D,T,N,L,C,A,I,H,A,K,R,V,T,I,M,P,K,D,I,Q,L,-,A,R,R,I,R,G,E,R,A,-,-,-,-,-,-,-,-,-,-,-,-,-,-,-,-,-,-,-,-,-,-,-,-,-,-,-,-
Peromyscus maniculatus-10042:00518d,-,-,-,-,-,-,-,-,-,-,-,-,-,-,-,-,-,M,A,R,T,K,Q,T,A,R,K,S,T,G,G,K,A,P,R,K,Q,L,A,T,K,A,A,R,K,S,A,P,S,T,-,-,-,G,G,V,K,K,P,H,R,Y,R,P,G,T,V,A,L,R,E,I,R,R,Y,Q,K,S,T,E,L,L,I,R,K,L,P,F,Q,R,L,V,R,E,I,A,Q,D,F,K,T,D,L,R,F,Q,S,A,A,I,G,A,L,-,Q,E,A,S,E,A,Y,L,V,G,L,F,E,D,T,N,L,C,A,I,H,A,K,R,V,T,I,M,P,K,D,I,Q,L,-,A,R,R,I,C,G,E,R,A,-,-,-,-,-,-,-,-,-,-,-,-,-,-,-,-,-,-,-,-,-,-,-,-,-,-,-,-
Physeter catodon-9755:0017de,-,-,-,-,-,-,-,-,-,-,-,-,-,-,-,-,-,M,A,R,T,K,Q,T,A,R,K,S,T,G,G,K,A,P,R,K,Q,L,A,T,K,A,A,R,K,S,A,P,S,T,-,-,-,G,G,V,K,K,P,H,R,Y,R,P,G,T,V,A,L,R,E,I,R,R,Y,Q,K,S,T,E,L,L,I,R,K,L,P,F,Q,R,L,V,R,E,I,A,Q,D,F,K,T,D,L,R,F,Q,S,A,A,I,G,A,L,-,Q,E,A,S,E,A,Y,L,V,G,L,F,E,D,T,N,L,C,A,I,H,A,K,R,V,T,I,M,P,K,D,I,Q,L,-,A,R,R,I,R,G,E,R,A,-,-,-,-,-,-,-,-,-,-,-,-,-,-,-,-,-,-,-,-,-,-,-,-,-,-,-,-
Poecilia formosa-48698:003f16,-,-,-,-,-,-,-,-,-,-,-,-,-,-,-,-,-,M,A,R,T,K,Q,T,A,R,K,S,T,G,G,K,A,P,R,K,Q,L,A,T,K,A,A,R,K,S,A,P,A,T,-,-,-,G,G,V,K,K,P,H,R,Y,R,P,G,T,V,A,L,R,E,I,R,R,Y,Q,K,S,T,E,L,L,I,R,K,L,P,F,Q,R,L,V,R,E,I,A,Q,D,F,K,T,D,L,R,F,Q,S,S,A,V,M,A,L,-,Q,E,A,S,E,A,Y,L,V,G,L,F,E,D,T,N,L,C,A,I,H,A,K,R,V,T,I,M,P,K,D,I,Q,L,-,A,R,R,I,R,G,E,R,A,-,-,-,-,-,-,-,-,-,-,-,-,-,-,-,-,-,-,-,-,-,-,-,-,-,-,-,-
Pongo abelii-9601:001f2d,-,-,-,-,-,-,-,-,-,-,-,-,-,-,-,-,-,M,A,R,T,K,Q,T,A,R,K,S,T,G,G,K,A,P,R,K,Q,L,A,T,K,A,A,R,K,S,A,P,S,T,-,-,-,G,G,V,K,K,P,H,R,Y,R,P,G,T,V,A,L,R,E,I,R,R,Y,Q,K,S,T,E,L,L,I,R,K,L,P,F,Q,R,L,A,R,E,I,A,Q,D,F,K,T,D,L,R,F,Q,S,A,A,I,G,A,L,-,Q,E,A,S,E,A,Y,L,V,G,L,F,E,D,T,N,L,C,A,I,H,A,K,R,V,T,I,M,P,K,D,I,Q,L,-,A,R,R,I,R,G,E,R,A,-,-,-,-,-,-,-,-,-,-,-,-,-,-,-,-,-,-,-,-,-,-,-,-,-,-,-,-
Propithecus coquereli-379532:003b94,-,-,-,-,-,-,-,-,-,-,-,-,-,-,-,-,-,M,A,R,T,K,Q,T,A,R,K,S,T,G,G,K,A,P,R,K,Q,L,A,T,K,A,A,R,K,S,A,P,A,T,-,-,-,G,G,V,K,K,P,H,R,Y,R,P,G,T,V,A,L,R,E,I,R,R,Y,Q,K,S,T,E,L,L,I,R,K,L,P,F,Q,R,L,V,R,E,I,A,Q,D,F,K,T,D,L,R,F,Q,S,S,A,V,M,A,L,-,Q,E,A,S,E,A,Y,L,V,G,L,F,E,D,T,N,L,C,A,I,H,A,K,R,V,T,I,M,P,K,D,I,Q,L,-,A,R,R,I,R,G,E,R,A,-,-,-,-,-,-,-,-,-,-,-,-,-,-,-,-,-,-,-,-,-,-,-,-,-,-,-,-
Pseudopodoces humilis-181119:002f69,-,-,-,-,-,-,-,-,-,-,-,-,-,-,-,-,-,M,A,R,T,K,Q,T,A,R,K,S,T,G,G,K,A,P,R,K,Q,L,A,T,K,A,A,R,K,S,A,P,A,T,-,-,-,G,G,V,K,K,P,H,R,Y,R,P,G,T,V,A,L,R,E,I,R,R,Y,Q,K,S,T,E,L,L,I,R,K,L,P,F,Q,R,L,V,R,E,I,A,Q,D,F,K,T,D,L,R,F,Q,S,S,A,V,M,A,L,-,Q,E,A,S,E,A,Y,L,V,G,L,F,E,D,T,N,L,C,A,I,H,A,K,R,V,T,I,M,P,K,D,I,Q,L,-,A,R,R,I,R,G,E,R,A,-,-,-,-,-,-,-,-,-,-,-,-,-,-,-,-,-,-,-,-,-,-,-,-,-,-,-,-
Pteropus alecto-9402:0005d5,-,-,-,-,-,-,-,-,-,-,-,-,-,-,-,-,-,M,A,R,T,K,Q,T,A,R,K,S,T,G,G,K,A,P,R,K,Q,L,A,T,K,A,A,R,K,S,A,P,A,T,-,-,-,G,G,V,K,K,P,H,R,Y,R,P,G,T,V,A,L,R,E,I,R,R,Y,Q,K,S,T,E,L,L,I,R,K,L,P,F,Q,R,L,V,R,E,I,A,Q,D,F,K,T,D,L,R,F,Q,S,S,A,V,M,A,L,-,Q,E,A,S,E,A,Y,L,V,G,L,F,E,D,T,N,L,C,A,I,H,A,K,R,V,T,I,M,P,K,D,I,Q,L,-,A,R,R,I,R,G,E,R,A,-,-,-,-,-,-,-,-,-,-,-,-,-,-,-,-,-,-,-,-,-,-,-,-,-,-,-,-
Pundamilia nyererei-303518:00588f 2A,-,-,-,-,-,-,-,-,-,-,-,-,-,-,-,-,-,M,A,R,T,K,Q,T,A,R,K,S,T,G,G,K,A,P,R,K,Q,L,A,T,K,A,A,R,K,S,A,P,S,T,-,-,-,G,G,V,K,K,P,H,R,Y,R,P,G,T,V,A,L,R,E,I,R,R,Y,Q,K,S,T,E,L,L,I,R,K,L,P,F,Q,R,L,V,R,E,I,A,Q,D,F,K,T,D,L,R,F,Q,S,A,A,I,G,A,L,-,Q,E,A,S,E,A,Y,L,V,G,L,F,E,D,T,N,L,C,A,I,H,A,K,R,V,T,I,M,P,K,D,I,Q,L,-,A,R,R,I,R,G,E,R,A,-,-,-,-,-,-,-,-,-,-,-,-,-,-,-,-,-,-,-,-,-,-,-,-,-,-,-,-
Pygoscelis adeliae-9238:0028b7,-,-,-,-,-,-,-,-,-,-,-,-,-,-,-,-,-,M,P,R,T,K,Q,T,A,R,K,S,T,G,G,K,A,P,R,K,Q,L,A,T,K,A,A,R,K,S,A,P,S,T,-,-,-,G,G,V,K,K,P,H,R,Y,R,P,G,T,V,A,L,R,E,I,R,R,Y,Q,K,S,T,E,L,L,I,R,K,L,P,F,Q,R,L,V,R,E,I,A,Q,D,F,K,T,D,L,R,F,Q,S,A,A,I,G,A,L,-,Q,E,A,S,E,A,Y,L,V,G,L,F,E,D,T,N,L,C,A,I,H,A,K,R,V,T,I,M,P,K,D,I,Q,L,-,A,R,R,I,R,G,E,R,A,-,-,-,-,-,-,-,-,-,-,-,-,-,-,-,-,-,-,-,-,-,-,-,-,-,-,-,-
Rattus norvegicus-10116:004dda,-,-,-,-,-,-,-,-,-,-,-,-,-,-,-,-,-,M,A,R,T,K,Q,T,A,R,K,S,T,G,G,K,A,P,R,K,Q,L,A,T,K,A,A,R,K,S,A,P,A,T,-,-,-,G,G,V,K,K,P,H,R,Y,R,P,G,T,V,A,L,R,E,I,R,R,Y,Q,K,S,T,E,L,L,I,R,K,L,P,F,Q,R,L,V,R,E,I,A,Q,D,F,K,T,D,L,R,F,Q,S,S,A,V,M,A,L,-,Q,E,A,C,E,A,Y,L,V,G,L,F,E,D,T,N,L,C,A,I,H,A,K,R,V,T,I,M,P,K,D,I,Q,L,-,A,R,R,I,R,G,E,R,A,-,-,-,-,-,-,-,-,-,-,-,-,-,-,-,-,-,-,-,-,-,-,-,-,-,-,-,-
Rhinopithecus roxellana-61622:00500d,-,-,-,-,-,-,-,-,-,-,-,-,-,-,-,-,-,M,A,P,T,K,Q,T,A,R,K,S,T,G,G,K,A,P,R,K,Q,L,A,T,K,A,A,R,K,S,A,P,S,T,-,-,-,G,G,V,K,K,P,H,R,Y,R,P,G,T,V,A,L,R,E,I,R,R,Y,Q,K,S,T,E,L,L,I,R,K,L,P,F,Q,R,L,V,R,E,I,A,Q,D,F,K,T,D,L,R,F,Q,S,A,A,I,G,A,L,-,Q,E,A,S,E,A,Y,L,V,G,L,F,E,D,T,N,L,C,A,I,H,A,K,R,V,T,I,M,P,K,D,I,Q,L,-,A,R,R,I,R,G,E,R,A,-,-,-,-,-,-,-,-,-,-,-,-,-,-,-,-,-,-,-,-,-,-,-,-,-,-,-,-
Sarcophilus harrisii-9305:002efc,-,-,-,-,-,-,-,-,-,-,-,-,-,-,-,-,-,M,A,R,T,K,Q,T,A,R,K,S,T,G,G,K,A,P,R,K,Q,L,A,T,K,A,A,R,K,S,A,P,S,T,-,-,-,G,G,V,K,K,P,H,R,Y,R,P,G,T,V,A,L,R,E,I,R,R,Y,Q,K,S,T,E,L,L,I,R,K,L,P,F,Q,R,L,V,R,E,I,A,Q,D,F,K,T,D,L,R,F,Q,S,A,A,I,G,A,L,-,Q,E,A,S,E,A,Y,L,V,G,L,F,E,D,T,N,L,C,A,I,H,A,K,R,V,T,I,M,P,K,D,I,Q,L,-,A,R,R,I,R,G,E,R,A,-,-,-,-,-,-,-,-,-,-,-,-,-,-,-,-,-,-,-,-,-,-,-,-,-,-,-,-
Serinus canaria-9135:0023d6,-,-,-,-,-,-,-,-,-,-,-,-,-,-,-,-,-,M,A,R,T,K,Q,T,A,R,K,S,T,G,G,K,A,P,R,K,Q,L,A,T,K,A,A,R,K,S,A,P,A,T,-,-,-,G,G,V,K,K,P,H,R,Y,R,P,G,T,V,A,L,R,E,I,R,R,Y,Q,K,S,T,E,L,L,I,R,K,L,P,F,Q,R,L,V,R,E,I,A,Q,D,F,K,T,D,L,R,F,Q,S,S,A,V,M,A,L,-,Q,E,A,S,E,A,Y,L,V,G,L,F,E,D,T,N,L,C,A,I,H,A,K,R,V,T,I,M,P,K,D,I,Q,L,-,A,R,R,I,R,G,E,R,A,-,-,-,-,-,-,-,-,-,-,-,-,-,-,-,-,-,-,-,-,-,-,-,-,-,-,-,-
Stegastes partitus-144197:0026c1,-,-,-,-,-,-,-,-,-,-,-,-,-,-,-,-,-,M,A,R,T,K,Q,T,A,R,K,S,T,G,G,K,A,P,R,K,Q,L,A,T,K,A,A,R,K,S,A,P,S,T,-,-,-,G,G,V,K,K,P,H,R,Y,R,P,G,T,V,A,L,R,E,I,R,R,Y,Q,K,S,T,E,L,L,I,R,K,L,P,F,Q,R,L,V,R,E,I,A,Q,D,F,K,T,D,L,R,F,Q,S,A,A,I,G,A,L,-,Q,E,A,S,E,A,Y,L,V,G,L,F,E,D,T,N,L,C,A,I,H,A,K,R,V,T,I,M,P,K,D,I,Q,L,-,A,R,R,I,R,G,E,R,A,-,-,-,-,-,-,-,-,-,-,-,-,-,-,-,-,-,-,-,-,-,-,-,-,-,-,-,-
Sus scrofa-9823:00317c,-,-,-,-,-,-,-,-,-,-,-,-,-,-,-,-,-,M,A,R,T,K,Q,T,A,R,K,S,T,G,G,K,A,P,R,K,Q,L,A,T,K,A,A,R,K,S,A,P,S,T,-,-,-,G,G,V,K,K,P,H,R,Y,R,P,G,T,V,A,L,R,E,I,R,R,Y,Q,K,S,T,E,L,L,I,R,K,L,P,F,Q,R,L,V,R,E,I,A,Q,D,F,K,T,D,L,R,F,Q,S,A,A,I,G,A,L,-,Q,E,A,S,E,A,Y,L,V,G,L,F,E,D,T,N,L,C,A,I,H,A,K,R,V,T,I,M,P,K,D,I,Q,L,-,A,R,R,I,R,G,E,R,A,-,-,-,-,-,-,-,-,-,-,-,-,-,-,-,-,-,-,-,-,-,-,-,-,-,-,-,-
Taeniopygia guttata-59729:0008d9,-,-,-,-,-,-,-,-,-,-,-,-,-,-,-,-,-,M,A,R,T,K,Q,T,A,R,K,S,T,G,G,K,A,P,R,K,Q,L,A,T,K,A,A,R,K,S,A,P,S,T,-,-,-,G,G,V,K,K,P,H,R,Y,R,P,G,T,V,A,L,R,E,I,R,R,Y,Q,K,S,T,E,L,L,I,R,X,L,P,F,Q,R,L,V,R,E,I,A,Q,D,F,K,T,D,L,R,F,Q,S,A,A,I,G,A,L,-,Q,E,A,S,E,A,Y,L,V,G,L,F,E,D,T,N,L,C,A,I,H,A,K,R,V,T,I,M,P,K,D,I,Q,L,-,A,R,R,I,R,G,E,R,A,-,-,-,-,-,-,-,-,-,-,-,-,-,-,-,-,-,-,-,-,-,-,-,-,-,-,-,-
Takifugu rubripes-31033:003f7d,-,-,-,-,-,-,-,-,-,-,-,-,-,-,-,-,-,M,A,R,T,K,Q,T,A,R,K,S,T,G,G,K,A,P,R,K,Q,L,A,T,K,A,A,R,K,S,A,P,S,T,-,-,-,G,G,V,K,K,P,H,R,Y,R,P,G,T,V,A,L,R,E,I,R,R,Y,Q,K,S,T,E,L,L,I,R,K,L,P,F,Q,R,L,V,R,E,I,A,Q,D,F,K,T,D,L,R,F,Q,S,A,A,I,G,A,L,-,Q,E,A,S,E,A,Y,L,V,G,L,F,E,D,T,N,L,C,A,I,H,A,K,R,V,T,I,M,P,K,D,I,Q,L,-,A,R,R,I,R,G,E,R,A,-,-,-,-,-,-,-,-,-,-,-,-,-,-,-,-,-,-,-,-,-,-,-,-,-,-,-,-
Tetraodon nigroviridis-99883:003159,-,-,-,-,-,-,-,-,-,-,-,-,-,-,-,-,-,M,A,R,T,K,Q,T,A,R,K,S,T,G,G,K,A,P,R,K,Q,L,A,T,K,A,A,R,K,S,A,P,A,T,-,-,-,G,G,V,K,K,P,H,R,Y,R,P,G,T,V,A,L,R,E,I,R,R,Y,Q,K,S,T,E,L,L,I,R,K,L,P,F,Q,R,L,V,R,E,I,A,Q,D,F,K,T,D,L,R,F,Q,S,S,A,V,M,A,L,-,Q,E,A,S,E,A,Y,L,V,G,L,F,E,D,T,N,L,C,A,I,H,A,K,R,V,T,I,M,P,K,D,I,Q,L,-,A,R,R,I,R,G,E,R,A,-,-,-,-,-,-,-,-,-,-,-,-,-,-,-,-,-,-,-,-,-,-,-,-,-,-,-,-
Trichechus manatus-9778:0005cf,-,-,-,-,-,-,-,-,-,-,-,-,-,-,-,-,-,M,A,R,T,K,Q,T,A,C,K,S,T,V,G,K,A,P,R,K,Q,L,A,T,K,A,A,R,K,S,A,P,S,T,-,-,-,G,G,V,K,K,P,H,R,Y,T,P,G,T,V,A,L,R,E,I,R,R,Y,Q,K,S,T,E,L,L,I,R,K,L,P,F,Q,R,L,V,Q,E,I,A,Q,D,F,K,T,D,V,R,F,Q,S,A,A,I,G,A,L,-,Q,E,A,S,E,A,Y,L,A,A,L,F,E,D,T,N,L,C,A,I,H,A,K,R,V,T,I,M,P,K,D,I,Q,L,-,A,R,H,I,R,G,E,C,A,-,-,-,-,-,-,-,-,-,-,-,-,-,-,-,-,-,-,-,-,-,-,-,-,-,-,-,-
Tupaia chinensis-246437:0021d1,-,-,-,-,-,-,-,-,-,-,-,-,-,-,-,-,-,M,A,R,T,K,Q,T,A,R,K,S,T,G,G,K,A,P,R,K,Q,L,A,T,K,A,A,R,K,S,A,P,S,T,-,-,-,G,G,V,K,K,P,H,R,Y,R,P,G,T,V,A,L,R,E,I,R,R,Y,Q,K,S,T,E,L,L,I,R,K,L,P,F,Q,R,L,V,R,E,I,A,Q,D,F,K,T,D,L,R,F,Q,S,A,A,I,G,A,L,-,Q,E,A,S,E,A,Y,L,V,G,L,F,E,D,T,N,L,C,A,I,H,A,K,R,V,T,I,M,P,K,D,I,Q,L,-,A,R,R,I,R,G,E,R,A,-,-,-,-,-,-,-,-,-,-,-,-,-,-,-,-,-,-,-,-,-,-,-,-,-,-,-,-
Ursus maritimus-29073:000f84,-,-,-,-,-,-,-,-,-,-,-,-,-,-,-,-,-,M,A,R,T,K,Q,T,A,R,R,P,P,G,G,K,A,P,R,K,Q,L,A,T,K,A,A,R,K,S,A,P,A,T,-,-,-,G,G,V,K,K,P,H,R,Y,R,P,G,T,V,A,L,R,E,I,R,R,Y,Q,K,S,T,E,L,L,I,R,K,L,P,F,Q,R,L,V,R,E,I,A,Q,D,F,K,T,D,L,R,F,Q,S,S,A,V,M,A,L,-,R,G,G,R,G,A,C,L,V,G,L,F,E,D,T,N,L,C,A,I,H,A,K,R,V,T,I,M,P,K,D,I,Q,L,-,A,R,R,I,R,G,E,R,A,-,-,-,-,-,-,-,-,-,-,-,-,-,-,-,-,-,-,-,-,-,-,-,-,-,-,-,-
Xenopus (Silurana) tropicalis-8364:002bd6 2A,-,-,-,-,-,-,-,-,-,-,-,-,-,-,-,-,-,M,A,R,T,K,Q,T,A,R,K,S,T,G,G,K,A,P,R,K,Q,L,A,T,K,A,A,R,K,S,A,P,S,T,-,-,-,G,G,V,K,K,P,H,R,Y,R,P,G,T,V,A,L,R,E,I,R,R,Y,Q,K,S,T,E,L,L,I,R,K,L,P,F,Q,R,L,V,R,E,I,A,Q,D,F,K,T,D,L,R,F,Q,S,A,A,I,G,A,L,-,Q,E,A,S,E,A,Y,L,V,G,L,F,E,D,T,N,L,C,A,I,H,A,K,R,V,T,I,M,P,K,D,I,Q,L,-,A,R,R,I,R,G,E,R,A,-,-,-,-,-,-,-,-,-,-,-,-,-,-,-,-,-,-,-,-,-,-,-,-,-,-,-,-
Xiphophorus maculatus-8083:002c17 2A,-,-,-,-,-,-,-,-,-,-,-,-,-,-,-,-,-,M,A,R,T,K,Q,T,A,R,K,S,T,G,G,K,A,P,R,K,Q,L,A,T,K,A,A,R,K,S,A,P,A,T,-,-,-,G,G,V,K,K,P,H,R,Y,R,P,G,T,V,A,L,R,E,I,R,R,Y,Q,K,S,T,E,L,L,I,R,K,L,P,F,Q,R,L,V,R,E,I,A,Q,D,F,K,T,D,L,R,F,Q,S,S,A,V,M,A,L,-,Q,E,A,S,E,A,Y,L,V,G,L,F,E,D,T,N,L,C,A,I,H,A,K,R,V,T,I,M,P,K,D,I,Q,L,-,A,L,T,W,Q,M,I,K,S,-,-,-,-,-,-,-,-,-,-,-,-,-,-,-,-,-,-,-,-,-,-,-,-,-,-,-,-
Zonotrichia albicollis-44394:0012a9,-,-,-,-,-,-,-,-,-,-,-,-,-,-,-,-,-,-,-,-,-,-,-,-,-,-,-,-,-,-,-,M,S,P,I,F,K,V,M,Q,N,I,F,S,I,L,I,I,L,I,-,-,-,S,T,V,-,-,F,N,F,T,R,P,G,T,V,A,L,R,E,I,R,R,Y,Q,K,S,T,E,L,L,I,R,K,L,P,F,Q,R,L,V,R,E,I,A,Q,D,F,K,T,D,L,R,F,Q,S,A,A,I,G,A,L,-,Q,E,A,S,E,A,Y,L,V,G,L,F,E,D,T,N,L,C,A,I,H,A,K,R,V,T,I,M,P,K,D,I,Q,L,-,A,R,R,I,R,G,E,R,A,-,-,-,-,-,-,-,-,-,-,-,-,-,-,-,-,-,-,-,-,-,-,-,-,-,-,-,-
-,,,,,,,,,,,,,,,,,,,,,,,,,,,,,,,,,,,,,,,,,,,,,,,,,,,,,,,,,,,,,,,,,,,,,,,,,,,,,,,,,,,,,,,,,,,,,,,,,,,,,,,,,,,,,,,,,,,,,,,,,,,,,,,,,,,,,,,,,,,,,,,,,,,,,,,,,,,,,,,,,,,,,,,,,,,,,,,,,,,,,,,,,,